"date","downloads"
"2017-01-01",5181
"2017-01-02",9224
"2017-01-03",13273
"2017-01-04",14572
"2017-01-05",14405
"2017-01-06",12954
"2017-01-07",9161
"2017-01-08",9282
"2017-01-09",18032
"2017-01-10",20096
"2017-01-11",20099
"2017-01-12",19421
"2017-01-13",16017
"2017-01-14",9053
"2017-01-15",9704
"2017-01-16",16332
"2017-01-17",20177
"2017-01-18",21786
"2017-01-19",21076
"2017-01-20",16938
"2017-01-21",9634
"2017-01-22",10043
"2017-01-23",20277
"2017-01-24",20848
"2017-01-25",54512
"2017-01-26",38540
"2017-01-27",29658
"2017-01-28",15701
"2017-01-29",16165
"2017-01-30",32150
"2017-01-31",30753
"2017-02-01",28504
"2017-02-02",27168
"2017-02-03",23889
"2017-02-04",14090
"2017-02-05",13817
"2017-02-06",26301
"2017-02-07",27714
"2017-02-08",27317
"2017-02-09",28434
"2017-02-10",21238
"2017-02-11",12804
"2017-02-12",13044
"2017-02-13",23965
"2017-02-14",22972
"2017-02-15",23152
"2017-02-16",21553
"2017-02-17",20512
"2017-02-18",12381
"2017-02-19",12197
"2017-02-20",21712
"2017-02-21",24076
"2017-02-22",23271
"2017-02-23",21641
"2017-02-24",18967
"2017-02-25",11792
"2017-02-26",12206
"2017-02-27",21674
"2017-02-28",16768
"2017-03-01",11860
"2017-03-02",22930
"2017-03-03",20018
"2017-03-04",12794
"2017-03-05",12674
"2017-03-06",22522
"2017-03-07",24211
"2017-03-08",22768
"2017-03-09",23144
"2017-03-10",19670
"2017-03-11",17687
"2017-03-12",12568
"2017-03-13",21498
"2017-03-14",22835
"2017-03-15",22104
"2017-03-16",21084
"2017-03-17",18223
"2017-03-18",12302
"2017-03-19",12449
"2017-03-20",21675
"2017-03-21",22408
"2017-03-22",22382
"2017-03-23",20648
"2017-03-24",18178
"2017-03-25",11939
"2017-03-26",12049
"2017-03-27",21050
"2017-03-28",21464
"2017-03-29",20160
"2017-03-30",19067
"2017-03-31",16961
"2017-04-01",11335
"2017-04-02",10712
"2017-04-03",19820
"2017-04-04",20468
"2017-04-05",20494
"2017-04-06",19450
"2017-04-07",16999
"2017-04-08",10801
"2017-04-09",10461
"2017-04-10",19227
"2017-04-11",19240
"2017-04-12",17926
"2017-04-13",16492
"2017-04-14",13174
"2017-04-15",9461
"2017-04-16",9025
"2017-04-17",15127
"2017-04-18",18971
"2017-04-19",20661
"2017-04-20",23474
"2017-04-21",19319
"2017-04-22",12954
"2017-04-23",12760
"2017-04-24",24011
"2017-04-25",24929
"2017-04-26",23221
"2017-04-27",20754
"2017-04-28",18005
"2017-04-29",11367
"2017-04-30",10611
"2017-05-01",16424
"2017-05-02",21673
"2017-05-03",20728
"2017-05-04",19787
"2017-05-05",16959
"2017-05-06",11217
"2017-05-07",11187
"2017-05-08",20098
"2017-05-09",20419
"2017-05-10",19322
"2017-05-11",18613
"2017-05-12",16637
"2017-05-13",10328
"2017-05-14",10259
"2017-05-15",19479
"2017-05-16",19908
"2017-05-17",19549
"2017-05-18",18157
"2017-05-19",16305
"2017-05-20",10103
"2017-05-21",10139
"2017-05-22",18676
"2017-05-23",19650
"2017-05-24",18378
"2017-05-25",16207
"2017-05-26",14785
"2017-05-27",9355
"2017-05-28",9284
"2017-05-29",14689
"2017-05-30",16979
"2017-05-31",17876
"2017-06-01",17281
"2017-06-02",15547
"2017-06-03",9218
"2017-06-04",9027
"2017-06-05",17346
"2017-06-06",19046
"2017-06-07",19092
"2017-06-08",17660
"2017-06-09",15662
"2017-06-10",9670
"2017-06-11",9087
"2017-06-12",17918
"2017-06-13",18041
"2017-06-14",17111
"2017-06-15",15569
"2017-06-16",14142
"2017-06-17",8638
"2017-06-18",8496
"2017-06-19",17463
"2017-06-20",17608
"2017-06-21",17017
"2017-06-22",16588
"2017-06-23",13840
"2017-06-24",8376
"2017-06-25",8170
"2017-06-26",16227
"2017-06-27",16827
"2017-06-28",15818
"2017-06-29",15649
"2017-06-30",13492
"2017-07-01",8486
"2017-07-02",8505
"2017-07-03",16061
"2017-07-04",15360
"2017-07-05",16223
"2017-07-06",17181
"2017-07-07",14554
"2017-07-08",9198
"2017-07-09",8878
"2017-07-10",17285
"2017-07-11",16536
"2017-07-12",16125
"2017-07-13",15394
"2017-07-14",11787
"2017-07-15",8934
"2017-07-16",8962
"2017-07-17",16304
"2017-07-18",16557
"2017-07-19",15855
"2017-07-20",15502
"2017-07-21",16468
"2017-07-22",9404
"2017-07-23",9324
"2017-07-24",18682
"2017-07-25",17991
"2017-07-26",16986
"2017-07-27",16535
"2017-07-28",13993
"2017-07-29",9001
"2017-07-30",8854
"2017-07-31",17003
"2017-08-01",17452
"2017-08-02",17035
"2017-08-03",16469
"2017-08-04",15103
"2017-08-05",9258
"2017-08-06",8966
"2017-08-07",17230
"2017-08-08",16654
"2017-08-09",16200
"2017-08-10",16458
"2017-08-11",14629
"2017-08-12",9814
"2017-08-13",9271
"2017-08-14",16320
"2017-08-15",16071
"2017-08-16",17593
"2017-08-17",17484
"2017-08-18",15461
"2017-08-19",10235
"2017-08-20",9914
"2017-08-21",19391
"2017-08-22",21259
"2017-08-23",22654
"2017-08-24",22026
"2017-08-25",18434
"2017-08-26",11168
"2017-08-27",10940
"2017-08-28",23291
"2017-08-29",24774
"2017-08-30",25293
"2017-08-31",25436
"2017-09-01",20040
"2017-09-02",11192
"2017-09-03",11896
"2017-09-04",21547
"2017-09-05",28360
"2017-09-06",29474
"2017-09-07",29693
"2017-09-08",25113
"2017-09-09",14895
"2017-09-10",16051
"2017-09-11",29757
"2017-09-12",29087
"2017-09-13",26987
"2017-09-14",26427
"2017-09-15",23037
"2017-09-16",14482
"2017-09-17",15687
"2017-09-18",28876
"2017-09-19",29477
"2017-09-20",28675
"2017-09-21",26629
"2017-09-22",22957
"2017-09-23",14854
"2017-09-24",15317
"2017-09-25",27674
"2017-09-26",28922
"2017-09-27",28502
"2017-09-28",28231
"2017-09-29",23376
"2017-09-30",14904
"2017-10-01",14754
"2017-10-02",26142
"2017-10-03",26504
"2017-10-04",25456
"2017-10-05",25754
"2017-10-06",22543
"2017-10-07",14587
"2017-10-08",15164
"2017-10-09",28560
"2017-10-10",40462
"2017-10-11",33706
"2017-10-12",29350
"2017-10-13",24603
"2017-10-14",15040
"2017-10-15",14999
"2017-10-16",27564
"2017-10-17",27879
"2017-10-18",26487
"2017-10-19",25274
"2017-10-20",22627
"2017-10-21",14200
"2017-10-22",15167
"2017-10-23",26416
"2017-10-24",26704
"2017-10-25",26506
"2017-10-26",25298
"2017-10-27",22485
"2017-10-28",14731
"2017-10-29",14963
"2017-10-30",24217
"2017-10-31",23061
"2017-11-01",22643
"2017-11-02",23851
"2017-11-03",20224
"2017-11-04",13528
"2017-11-05",13514
"2017-11-06",24388
"2017-11-07",24814
"2017-11-08",24203
"2017-11-09",23101
"2017-11-10",19860
"2017-11-11",12747
"2017-11-12",13127
"2017-11-13",23337
"2017-11-14",24543
"2017-11-15",23406
"2017-11-16",22675
"2017-11-17",893
"2017-11-18",13354
"2017-11-19",13409
"2017-11-20",23035
"2017-11-21",23370
"2017-11-22",22414
"2017-11-23",18586
"2017-11-24",16379
"2017-11-25",12527
"2017-11-26",12898
"2017-11-27",21833
"2017-11-28",22948
"2017-11-29",21855
"2017-11-30",20774
"2017-12-01",18874
"2017-12-02",12667
"2017-12-03",13084
"2017-12-04",21936
"2017-12-05",22161
"2017-12-06",21712
"2017-12-07",20639
"2017-12-08",17663
"2017-12-09",12191
"2017-12-10",12338
"2017-12-11",20347
"2017-12-12",20163
"2017-12-13",19034
"2017-12-14",18319
"2017-12-15",16237
"2017-12-16",10989
"2017-12-17",10925
"2017-12-18",17422
"2017-12-19",17383
"2017-12-20",16759
"2017-12-21",15716
"2017-12-22",12534
"2017-12-23",8412
"2017-12-24",7784
"2017-12-25",8501
"2017-12-26",11179
"2017-12-27",12443
"2017-12-28",12580
"2017-12-29",10191
"2017-12-30",8472
"2017-12-31",6376
"2018-01-01",6977
"2018-01-02",15269
"2018-01-03",17836
"2018-01-04",18208
"2018-01-05",17239
"2018-01-06",11270
"2018-01-07",11707
"2018-01-08",24312
"2018-01-09",26049
"2018-01-10",26617
"2018-01-11",25739
"2018-01-12",21320
"2018-01-13",13227
"2018-01-14",12348
"2018-01-15",22003
"2018-01-16",28059
"2018-01-17",29447
"2018-01-18",34498
"2018-01-19",28083
"2018-01-20",15965
"2018-01-21",15563
"2018-01-22",31795
"2018-01-23",32128
"2018-01-24",30642
"2018-01-25",28073
"2018-01-26",23591
"2018-01-27",15084
"2018-01-28",14852
"2018-01-29",28557
"2018-01-30",29476
"2018-01-31",27277
"2018-02-01",26012
"2018-02-02",22320
"2018-02-03",14456
"2018-02-04",14397
"2018-02-05",25952
"2018-02-06",27752
"2018-02-07",26598
"2018-02-08",26602
"2018-02-09",22340
"2018-02-10",14176
"2018-02-11",14116
"2018-02-12",23881
"2018-02-13",23649
"2018-02-14",22281
"2018-02-15",22049
"2018-02-16",19696
"2018-02-17",12972
"2018-02-18",13038
"2018-02-19",23430
"2018-02-20",24825
"2018-02-21",24387
"2018-02-22",24090
"2018-02-23",21698
"2018-02-24",14655
"2018-02-25",14642
"2018-02-26",26522
"2018-02-27",25848
"2018-02-28",25920
"2018-03-01",25312
"2018-03-02",22167
"2018-03-03",15103
"2018-03-04",15470
"2018-03-05",28220
"2018-03-06",29826
"2018-03-07",29040
"2018-03-08",27680
"2018-03-09",24037
"2018-03-10",16084
"2018-03-11",16114
"2018-03-12",28792
"2018-03-13",29566
"2018-03-14",28490
"2018-03-15",27557
"2018-03-16",23791
"2018-03-17",15567
"2018-03-18",15549
"2018-03-19",27159
"2018-03-20",27983
"2018-03-21",27617
"2018-03-22",25877
"2018-03-23",22617
"2018-03-24",15180
"2018-03-25",15243
"2018-03-26",24578
"2018-03-27",26690
"2018-03-28",24391
"2018-03-29",22357
"2018-03-30",18042
"2018-03-31",14184
"2018-04-01",12033
"2018-04-02",20492
"2018-04-03",24879
"2018-04-04",26636
"2018-04-05",23359
"2018-04-06",20453
"2018-04-07",13281
"2018-04-08",14026
"2018-04-09",25432
"2018-04-10",26150
"2018-04-11",25233
"2018-04-12",24309
"2018-04-13",20722
"2018-04-14",13358
"2018-04-15",14133
"2018-04-16",24760
"2018-04-17",24641
"2018-04-18",24573
"2018-04-19",23795
"2018-04-20",20389
"2018-04-21",12378
"2018-04-22",13485
"2018-04-23",23712
"2018-04-24",23456
"2018-04-25",22031
"2018-04-26",21437
"2018-04-27",18275
"2018-04-28",12137
"2018-04-29",11917
"2018-04-30",18584
"2018-05-01",17412
"2018-05-02",21404
"2018-05-03",21979
"2018-05-04",18924
"2018-05-05",11487
"2018-05-06",11119
"2018-05-07",20833
"2018-05-08",21971
"2018-05-09",21842
"2018-05-10",20809
"2018-05-11",19144
"2018-05-12",12138
"2018-05-13",11870
"2018-05-14",22676
"2018-05-15",23331
"2018-05-16",22314
"2018-05-17",23084
"2018-05-18",19658
"2018-05-19",12157
"2018-05-20",4130
"2018-05-21",20759
"2018-05-22",23206
"2018-05-23",22604
"2018-05-24",21749
"2018-05-25",17706
"2018-05-26",10793
"2018-05-27",10738
"2018-05-28",17954
"2018-05-29",20894
"2018-05-30",20431
"2018-05-31",19849
"2018-06-01",17469
"2018-06-02",10628
"2018-06-03",10647
"2018-06-04",21947
"2018-06-05",22310
"2018-06-06",21286
"2018-06-07",20762
"2018-06-08",18360
"2018-06-09",11174
"2018-06-10",11047
"2018-06-11",21250
"2018-06-12",20935
"2018-06-13",20240
"2018-06-14",19389
"2018-06-15",15943
"2018-06-16",9438
"2018-06-17",9552
"2018-06-18",19478
"2018-06-19",20510
"2018-06-20",19645
"2018-06-21",18893
"2018-06-22",17022
"2018-06-23",10892
"2018-06-24",10911
"2018-06-25",20847
"2018-06-26",20333
"2018-06-27",19026
"2018-06-28",18840
"2018-06-29",16424
"2018-06-30",9738
"2018-07-01",9639
"2018-07-02",19693
"2018-07-03",21114
"2018-07-04",18171
"2018-07-05",18456
"2018-07-06",15990
"2018-07-07",10591
"2018-07-08",9646
"2018-07-09",20025
"2018-07-10",20406
"2018-07-11",19194
"2018-07-12",18409
"2018-07-13",16006
"2018-07-14",10259
"2018-07-15",9416
"2018-07-16",18888
"2018-07-17",19903
"2018-07-18",19325
"2018-07-19",18758
"2018-07-20",18298
"2018-07-21",10907
"2018-07-22",10828
"2018-07-23",21739
"2018-07-24",21283
"2018-07-25",20605
"2018-07-26",19997
"2018-07-27",16867
"2018-07-28",10488
"2018-07-29",10362
"2018-07-30",19732
"2018-07-31",19840
"2018-08-01",19906
"2018-08-02",19011
"2018-08-03",16569
"2018-08-04",10229
"2018-08-05",9998
"2018-08-06",19436
"2018-08-07",20325
"2018-08-08",19772
"2018-08-09",18822
"2018-08-10",16522
"2018-08-11",10424
"2018-08-12",10078
"2018-08-13",18922
"2018-08-14",19606
"2018-08-15",18183
"2018-08-16",19484
"2018-08-17",16851
"2018-08-18",10784
"2018-08-19",10792
"2018-08-20",23263
"2018-08-21",24840
"2018-08-22",24182
"2018-08-23",10100
"2018-08-24",22251
"2018-08-25",13794
"2018-08-26",14427
"2018-08-27",29895
"2018-08-28",32228
"2018-08-29",32392
"2018-08-30",30661
"2018-08-31",26385
"2018-09-01",15066
"2018-09-02",15260
"2018-09-03",27392
"2018-09-04",36722
"2018-09-05",38045
"2018-09-06",36382
"2018-09-07",30380
"2018-09-08",17561
"2018-09-09",18961
"2018-09-10",37246
"2018-09-11",38118
"2018-09-12",35713
"2018-09-13",33116
"2018-09-14",28438
"2018-09-15",17219
"2018-09-16",18548
"2018-09-17",36438
"2018-09-18",35743
"2018-09-19",34538
"2018-09-20",34660
"2018-09-21",27743
"2018-09-22",16690
"2018-09-23",17058
"2018-09-24",28221
"2018-09-25",31927
"2018-09-26",31832
"2018-09-27",31691
"2018-09-28",26678
"2018-09-29",16955
"2018-09-30",16793
"2018-10-01",31135
"2018-10-02",30494
"2018-10-03",28326
"2018-10-04",28479
"2018-10-05",24482
"2018-10-06",14492
"2018-10-07",15362
"2018-10-08",27340
"2018-10-09",28838
"2018-10-10",29357
"2018-10-11",27807
"2018-10-12",23773
"2018-10-13",14653
"2018-10-14",15642
"2018-10-15",27950
"2018-10-16",27371
"2018-10-17",28399
"2018-10-18",27657
"2018-10-19",22727
"2018-10-20",14551
"2018-10-21",15942
"2018-10-22",28129
"2018-10-23",27989
"2018-10-24",27531
"2018-10-25",26905
"2018-10-26",22101
"2018-10-27",14002
"2018-10-28",13793
"2018-10-29",25401
"2018-10-30",28497
"2018-10-31",25740
"2018-11-01",22604
"2018-11-02",21309
"2018-11-03",13049
"2018-11-04",13824
"2018-11-05",26171
"2018-11-06",26537
"2018-11-07",26299
"2018-11-08",25463
"2018-11-09",22559
"2018-11-10",14240
"2018-11-11",13779
"2018-11-12",25378
"2018-11-13",26591
"2018-11-14",26269
"2018-11-15",24654
"2018-11-16",22235
"2018-11-17",13979
"2018-11-18",13744
"2018-11-19",24135
"2018-11-20",24867
"2018-11-21",22986
"2018-11-22",20679
"2018-11-23",17436
"2018-11-24",12943
"2018-11-25",13530
"2018-11-26",24275
"2018-11-27",25747
"2018-11-28",25355
"2018-11-29",24213
"2018-11-30",20876
"2018-12-01",13675
"2018-12-02",13416
"2018-12-03",24088
"2018-12-04",24181
"2018-12-05",24362
"2018-12-06",23939
"2018-12-07",20868
"2018-12-08",12495
"2018-12-09",12201
"2018-12-10",22578
"2018-12-11",21969
"2018-12-12",20298
"2018-12-13",20145
"2018-12-14",17271
"2018-12-15",11372
"2018-12-16",11246
"2018-12-17",19977
"2018-12-18",20234
"2018-12-19",19832
"2018-12-20",17586
"2018-12-21",14792
"2018-12-22",9800
"2018-12-23",9516
"2018-12-24",10387
"2018-12-25",8708
"2018-12-26",12435
"2018-12-27",13381
"2018-12-28",11887
"2018-12-29",9654
"2018-12-30",8217
"2018-12-31",8227
"2019-01-01",7444
"2019-01-02",16564
"2019-01-03",18166
"2019-01-04",17036
"2019-01-05",12118
"2019-01-06",11590
"2019-01-07",26903
"2019-01-08",29319
"2019-01-09",30737
"2019-01-10",29031
"2019-01-11",25002
"2019-01-12",13595
"2019-01-13",13876
"2019-01-14",29467
"2019-01-15",31479
"2019-01-16",31657
"2019-01-17",30266
"2019-01-18",25580
"2019-01-19",13933
"2019-01-20",13783
"2019-01-21",25319
"2019-01-22",32549
"2019-01-23",31980
"2019-01-24",30080
"2019-01-25",25111
"2019-01-26",14457
"2019-01-27",14749
"2019-01-28",29677
"2019-01-29",29442
"2019-01-30",27440
"2019-01-31",26099
"2019-02-01",22906
"2019-02-02",13034
"2019-02-03",13473
"2019-02-04",25470
"2019-02-05",27978
"2019-02-06",26676
"2019-02-07",26401
"2019-02-08",22180
"2019-02-09",13228
"2019-02-10",14502
"2019-02-11",27879
"2019-02-12",26204
"2019-02-13",25639
"2019-02-14",24252
"2019-02-15",20345
"2019-02-16",13172
"2019-02-17",13629
"2019-02-18",25278
"2019-02-19",26497
"2019-02-20",26812
"2019-02-21",26163
"2019-02-22",22378
"2019-02-23",14263
"2019-02-24",15319
"2019-02-25",28987
"2019-02-26",29151
"2019-02-27",27694
"2019-02-28",26482
"2019-03-01",22691
"2019-03-02",14783
"2019-03-03",15293
"2019-03-04",29197
"2019-03-05",29140
"2019-03-06",28609
"2019-03-07",28853
"2019-03-08",23760
"2019-03-09",15366
"2019-03-10",15677
"2019-03-11",29046
"2019-03-12",29806
"2019-03-13",29547
"2019-03-14",26452
"2019-03-15",24139
"2019-03-16",15325
"2019-03-17",15388
"2019-03-18",27404
"2019-03-19",28623
"2019-03-20",27079
"2019-03-21",25316
"2019-03-22",22809
"2019-03-23",14636
"2019-03-24",14473
"2019-03-25",26792
"2019-03-26",27977
"2019-03-27",27400
"2019-03-28",26561
"2019-03-29",22517
"2019-03-30",14177
"2019-03-31",14043
"2019-04-01",27798
"2019-04-02",30363
"2019-04-03",29126
"2019-04-04",26402
"2019-04-05",21779
"2019-04-06",13949
"2019-04-07",16971
"2019-04-08",28158
"2019-04-09",33300
"2019-04-10",66283
"2019-04-11",29958
"2019-04-12",25829
"2019-04-13",16160
"2019-04-14",15915
"2019-04-15",30944
"2019-04-16",31634
"2019-04-17",28642
"2019-04-18",24638
"2019-04-19",19256
"2019-04-20",13866
"2019-04-21",13627
"2019-04-22",25494
"2019-04-23",29784
"2019-04-24",28461
"2019-04-25",27263
"2019-04-26",27795
"2019-04-27",14805
"2019-04-28",4901
"2019-04-29",29052
"2019-04-30",26188
"2019-05-01",26171
"2019-05-02",49821
"2019-05-03",25046
"2019-05-04",16177
"2019-05-05",20365
"2019-05-06",32717
"2019-05-07",28866
"2019-05-08",36448
"2019-05-09",26284
"2019-05-10",23873
"2019-05-11",13964
"2019-05-12",13570
"2019-05-13",28320
"2019-05-14",28621
"2019-05-15",27429
"2019-05-16",26013
"2019-05-17",22251
"2019-05-18",14022
"2019-05-19",14310
"2019-05-20",26274
"2019-05-21",27691
"2019-05-22",25450
"2019-05-23",24996
"2019-05-24",21034
"2019-05-25",15036
"2019-05-26",14158
"2019-05-27",26126
"2019-05-28",29790
"2019-05-29",61177
"2019-05-30",21983
"2019-05-31",19064
"2019-06-01",11409
"2019-06-02",11768
"2019-06-03",24547
"2019-06-04",23831
"2019-06-05",23381
"2019-06-06",22460
"2019-06-07",19789
"2019-06-08",11964
"2019-06-09",12105
"2019-06-10",3275
"2019-06-11",24695
"2019-06-12",24033
"2019-06-13",22349
"2019-06-14",19959
"2019-06-15",12113
"2019-06-16",11697
"2019-06-17",24181
"2019-06-18",23682
"2019-06-19",22876
"2019-06-20",20808
"2019-06-21",18964
"2019-06-22",12158
"2019-06-23",11516
"2019-06-24",24009
"2019-06-25",23321
"2019-06-26",22020
"2019-06-27",98279
"2019-06-28",18147
"2019-06-29",11354
"2019-06-30",11208
"2019-07-01",23318
"2019-07-02",23392
"2019-07-03",21917
"2019-07-04",17954
"2019-07-05",17572
"2019-07-06",11709
"2019-07-07",12482
"2019-07-08",25087
"2019-07-09",23485
"2019-07-10",22857
"2019-07-11",21968
"2019-07-12",18942
"2019-07-13",11627
"2019-07-14",11236
"2019-07-15",23275
"2019-07-16",23542
"2019-07-17",22276
"2019-07-18",21590
"2019-07-19",18891
"2019-07-20",11260
"2019-07-21",11191
"2019-07-22",22158
"2019-07-23",22275
"2019-07-24",21751
"2019-07-25",20725
"2019-07-26",18231
"2019-07-27",11731
"2019-07-28",13218
"2019-07-29",40989
"2019-07-30",3265
"2019-07-31",22294
"2019-08-01",21583
"2019-08-02",19889
"2019-08-03",13262
"2019-08-04",13408
"2019-08-05",24551
"2019-08-06",4061
"2019-08-07",24845
"2019-08-08",25497
"2019-08-09",11009
"2019-08-10",12543
"2019-08-11",2094
"2019-08-12",22576
"2019-08-13",23643
"2019-08-14",22768
"2019-08-15",19803
"2019-08-16",13952
"2019-08-17",12975
"2019-08-18",12306
"2019-08-19",25537
"2019-08-20",27660
"2019-08-21",28541
"2019-08-22",27237
"2019-08-23",22661
"2019-08-24",15012
"2019-08-25",4088
"2019-08-26",31865
"2019-08-27",35173
"2019-08-28",36384
"2019-08-29",33535
"2019-08-30",25946
"2019-08-31",13574
"2019-09-01",14536
"2019-09-02",26447
"2019-09-03",37298
"2019-09-04",39510
"2019-09-05",36400
"2019-09-06",29776
"2019-09-07",16157
"2019-09-08",18151
"2019-09-09",37331
"2019-09-10",36021
"2019-09-11",5397
"2019-09-12",31687
"2019-09-13",25153
"2019-09-14",15894
"2019-09-15",17536
"2019-09-16",33632
"2019-09-17",37052
"2019-09-18",37094
"2019-09-19",35513
"2019-09-20",30088
"2019-09-21",17725
"2019-09-22",18503
"2019-09-23",35564
"2019-09-24",36547
"2019-09-25",38125
"2019-09-26",36325
"2019-09-27",30289
"2019-09-28",18024
"2019-09-29",19608
"2019-09-30",33736
"2019-10-01",34799
"2019-10-02",4263
"2019-10-03",33157
"2019-10-04",27928
"2019-10-05",16594
"2019-10-06",18187
"2019-10-07",764
"2019-10-08",33293
"2019-10-09",31318
"2019-10-10",31919
"2019-10-11",27458
"2019-10-12",17531
"2019-10-13",18114
"2019-10-14",31760
"2019-10-15",33295
"2019-10-16",34258
"2019-10-17",31481
"2019-10-18",26992
"2019-10-19",17365
"2019-10-20",17489
"2019-10-21",32114
"2019-10-22",32952
"2019-10-23",31128
"2019-10-24",29169
"2019-10-25",24184
"2019-10-26",14683
"2019-10-27",15263
"2019-10-28",27611
"2019-10-29",29035
"2019-10-30",29304
"2019-10-31",26133
"2019-11-01",22431
"2019-11-02",15114
"2019-11-03",15646
"2019-11-04",32289
"2019-11-05",34668
"2019-11-06",32509
"2019-11-07",30950
"2019-11-08",28379
"2019-11-09",19258
"2019-11-10",18156
"2019-11-11",29317
"2019-11-12",33367
"2019-11-13",32556
"2019-11-14",32981
"2019-11-15",29013
"2019-11-16",19496
"2019-11-17",19823
"2019-11-18",34325
"2019-11-19",34601
"2019-11-20",33408
"2019-11-21",31443
"2019-11-22",28249
"2019-11-23",18664
"2019-11-24",18962
"2019-11-25",30945
"2019-11-26",32021
"2019-11-27",26126
"2019-11-28",24179
"2019-11-29",22314
"2019-11-30",16733
"2019-12-01",17066
"2019-12-02",30649
"2019-12-03",32142
"2019-12-04",31038
"2019-12-05",28592
"2019-12-06",26054
"2019-12-07",18029
"2019-12-08",17164
"2019-12-09",27502
"2019-12-10",28522
"2019-12-11",26905
"2019-12-12",26157
"2019-12-13",23606
"2019-12-14",15806
"2019-12-15",16199
"2019-12-16",26122
"2019-12-17",27513
"2019-12-18",26743
"2019-12-19",25207
"2019-12-20",21263
"2019-12-21",14717
"2019-12-22",14450
"2019-12-23",19453
"2019-12-24",15848
"2019-12-25",13416
"2019-12-26",16398
"2019-12-27",16492
"2019-12-28",13181
"2019-12-29",12818
"2019-12-30",16694
"2019-12-31",13540
"2020-01-01",11454
"2020-01-02",20372
"2020-01-03",21490
"2020-01-04",16677
"2020-01-05",27495
"2020-01-06",36351
"2020-01-07",38330
"2020-01-08",44714
"2020-01-09",42708
"2020-01-10",31777
"2020-01-11",20550
"2020-01-12",21317
"2020-01-13",40398
"2020-01-14",42682
"2020-01-15",38975
"2020-01-16",41114
"2020-01-17",33734
"2020-01-18",20661
"2020-01-19",19841
"2020-01-20",34780
"2020-01-21",43392
"2020-01-22",43895
"2020-01-23",40566
"2020-01-24",33501
"2020-01-25",19992
"2020-01-26",20626
"2020-01-27",40797
"2020-01-28",41337
"2020-01-29",41258
"2020-01-30",37655
"2020-01-31",29259
"2020-02-01",18189
"2020-02-02",18758
"2020-02-03",35442
"2020-02-04",35946
"2020-02-05",35671
"2020-02-06",35849
"2020-02-07",28734
"2020-02-08",19289
"2020-02-09",19857
"2020-02-10",35513
"2020-02-11",41493
"2020-02-12",40566
"2020-02-13",22420
"2020-02-14",32659
"2020-02-15",23405
"2020-02-16",23699
"2020-02-17",40555
"2020-02-18",43207
"2020-02-19",40930
"2020-02-20",38479
"2020-02-21",32954
"2020-02-22",23208
"2020-02-23",25333
"2020-02-24",41925
"2020-02-25",41096
"2020-02-26",41083
"2020-02-27",41516
"2020-02-28",14465
"2020-02-29",23685
"2020-03-01",24250
"2020-03-02",42914
"2020-03-03",43441
"2020-03-04",42304
"2020-03-05",40702
"2020-03-06",37551
"2020-03-07",25723
"2020-03-08",24464
"2020-03-09",40131
"2020-03-10",41579
"2020-03-11",41032
"2020-03-12",38721
"2020-03-13",34040
"2020-03-14",23655
"2020-03-15",25511
"2020-03-16",38634
"2020-03-17",45211
"2020-03-18",39541
"2020-03-19",45278
"2020-03-20",29628
"2020-03-21",21165
"2020-03-22",21003
"2020-03-23",37062
"2020-03-24",35397
"2020-03-25",34630
"2020-03-26",35228
"2020-03-27",30544
"2020-03-28",23403
"2020-03-29",21818
"2020-03-30",35792
"2020-03-31",34721
"2020-04-01",33914
"2020-04-02",33767
"2020-04-03",28938
"2020-04-04",20885
"2020-04-05",21476
"2020-04-06",32644
"2020-04-07",31464
"2020-04-08",31760
"2020-04-09",28535
"2020-04-10",25357
"2020-04-11",19481
"2020-04-12",19330
"2020-04-13",29796
"2020-04-14",35108
"2020-04-15",34582
"2020-04-16",33755
"2020-04-17",31194
"2020-04-18",23091
"2020-04-19",23714
"2020-04-20",35371
"2020-04-21",34760
"2020-04-22",33708
"2020-04-23",32427
"2020-04-24",28962
"2020-04-25",22007
"2020-04-26",22428
"2020-04-27",32460
"2020-04-28",31446
"2020-04-29",31060
"2020-04-30",29468
"2020-05-01",25882
"2020-05-02",20408
"2020-05-03",21013
"2020-05-04",30593
"2020-05-05",32790
"2020-05-06",34160
"2020-05-07",30024
"2020-05-08",27070
"2020-05-09",21202
"2020-05-10",20668
"2020-05-11",33020
"2020-05-12",33513
"2020-05-13",31207
"2020-05-14",30045
"2020-05-15",26933
"2020-05-16",20216
"2020-05-17",19941
"2020-05-18",29750
"2020-05-19",28913
"2020-05-20",27216
"2020-05-21",24838
"2020-05-22",23540
"2020-05-23",23830
"2020-05-24",19032
"2020-05-25",27104
"2020-05-26",31310
"2020-05-27",31408
"2020-05-28",32934
"2020-05-29",30268
"2020-05-30",18448
"2020-05-31",20357
"2020-06-01",30694
"2020-06-02",32832
"2020-06-03",31100
"2020-06-04",29059
"2020-06-05",26630
"2020-06-06",19857
"2020-06-07",19521
"2020-06-08",30285
"2020-06-09",30223
"2020-06-10",28760
"2020-06-11",27770
"2020-06-12",25825
"2020-06-13",18359
"2020-06-14",18563
"2020-06-15",25994
"2020-06-16",30239
"2020-06-17",27618
"2020-06-18",26000
"2020-06-19",24437
"2020-06-20",17138
"2020-06-21",17935
"2020-06-22",28786
"2020-06-23",27483
"2020-06-24",25710
"2020-06-25",26172
"2020-06-26",22743
"2020-06-27",17911
"2020-06-28",17083
"2020-06-29",27286
"2020-06-30",26586
"2020-07-01",26233
"2020-07-02",25498
"2020-07-03",21801
"2020-07-04",16486
"2020-07-05",16096
"2020-07-06",26816
"2020-07-07",24869
"2020-07-08",24586
"2020-07-09",22979
"2020-07-10",20183
"2020-07-11",14715
"2020-07-12",15099
"2020-07-13",25000
"2020-07-14",25059
"2020-07-15",25618
"2020-07-16",28449
"2020-07-17",24908
"2020-07-18",17169
"2020-07-19",16763
"2020-07-20",27051
"2020-07-21",27269
"2020-07-22",25647
"2020-07-23",27979
"2020-07-24",21258
"2020-07-25",14245
"2020-07-26",14406
"2020-07-27",27774
"2020-07-28",25648
"2020-07-29",23623
"2020-07-30",22648
"2020-07-31",19447
"2020-08-01",13946
"2020-08-02",15968
"2020-08-03",26121
"2020-08-04",26271
"2020-08-05",25441
"2020-08-06",24651
"2020-08-07",21060
"2020-08-08",15865
"2020-08-09",15674
"2020-08-10",25181
"2020-08-11",28110
"2020-08-12",29254
"2020-08-13",40243
"2020-08-14",24543
"2020-08-15",17177
"2020-08-16",17464
"2020-08-17",29908
"2020-08-18",31957
"2020-08-19",31305
"2020-08-20",30710
"2020-08-21",27196
"2020-08-22",18337
"2020-08-23",19496
"2020-08-24",38805
"2020-08-25",38786
"2020-08-26",41181
"2020-08-27",37490
"2020-08-28",31188
"2020-08-29",19318
"2020-08-30",21563
"2020-08-31",40248
"2020-09-01",44150
"2020-09-02",43275
"2020-09-03",41077
"2020-09-04",33325
"2020-09-05",19981
"2020-09-06",21662
"2020-09-07",37707
"2020-09-08",45310
"2020-09-09",44973
"2020-09-10",42917
"2020-09-11",35262
"2020-09-12",22072
"2020-09-13",24512
"2020-09-14",45566
"2020-09-15",45892
"2020-09-16",42938
"2020-09-17",40424
"2020-09-18",35602
"2020-09-19",22539
"2020-09-20",24235
"2020-09-21",43333
"2020-09-22",43959
"2020-09-23",41814
"2020-09-24",40290
"2020-09-25",35460
"2020-09-26",22688
"2020-09-27",23202
"2020-09-28",41517
"2020-09-29",41170
"2020-09-30",39888
"2020-10-01",39500
"2020-10-02",32419
"2020-10-03",21225
"2020-10-04",22910
"2020-10-05",42819
"2020-10-06",42840
"2020-10-07",42185
"2020-10-08",38028
"2020-10-09",34210
"2020-10-10",21988
"2020-10-11",22336
"2020-10-12",52234
"2020-10-13",81417
"2020-10-14",19948
"2020-10-15",37486
"2020-10-16",32443
"2020-10-17",21957
"2020-10-18",22869
"2020-10-19",37872
"2020-10-20",38278
"2020-10-21",36707
"2020-10-22",34223
"2020-10-23",29330
"2020-10-24",19121
"2020-10-25",19874
"2020-10-26",35054
"2020-10-27",35061
"2020-10-28",32697
"2020-10-29",30541
"2020-10-30",27756
"2020-10-31",18477
"2020-11-01",21052
"2020-11-02",38730
"2020-11-03",41103
"2020-11-04",37416
"2020-11-05",37102
"2020-11-06",30504
"2020-11-07",20693
"2020-11-08",22288
"2020-11-09",35653
"2020-11-10",34325
"2020-11-11",31333
"2020-11-12",32398
"2020-11-13",27413
"2020-11-14",18431
"2020-11-15",19749
"2020-11-16",31882
"2020-11-17",31860
"2020-11-18",31403
"2020-11-19",30808
"2020-11-20",26912
"2020-11-21",18253
"2020-11-22",18596
"2020-11-23",30108
"2020-11-24",29447
"2020-11-25",18787
"2020-11-26",25597
"2020-11-27",22100
"2020-11-28",16693
"2020-11-29",17662
"2020-11-30",29588
"2020-12-01",29482
"2020-12-02",28867
"2020-12-03",27049
"2020-12-04",24276
"2020-12-05",17409
"2020-12-06",17324
"2020-12-07",26975
"2020-12-08",25680
"2020-12-09",26141
"2020-12-10",25192
"2020-12-11",21917
"2020-12-12",15500
"2020-12-13",15603
"2020-12-14",24352
"2020-12-15",23360
"2020-12-16",23202
"2020-12-17",21885
"2020-12-18",19081
"2020-12-19",13801
"2020-12-20",13491
"2020-12-21",19431
"2020-12-22",18671
"2020-12-23",16717
"2020-12-24",12254
"2020-12-25",9598
"2020-12-26",11453
"2020-12-27",11525
"2020-12-28",16432
"2020-12-29",16608
"2020-12-30",15111
"2020-12-31",10991
"2021-01-01",8914
"2021-01-02",12404
"2021-01-03",13523
"2021-01-04",26341
"2021-01-05",28364
"2021-01-06",25682
"2021-01-07",27230
"2021-01-08",24281
"2021-01-09",17013
"2021-01-10",18160
"2021-01-11",34437
"2021-01-12",34324
"2021-01-13",32538
"2021-01-14",31539
"2021-01-15",29887
"2021-01-16",21231
"2021-01-17",22084
"2021-01-18",38871
"2021-01-19",46031
"2021-01-20",51993
"2021-01-21",45950
"2021-01-22",36849
"2021-01-23",22912
"2021-01-24",23165
"2021-01-25",44002
"2021-01-26",42261
"2021-01-27",42496
"2021-01-28",38874
"2021-01-29",33566
"2021-01-30",21815
"2021-01-31",22498
"2021-02-01",41689
"2021-02-02",42121
"2021-02-03",41252
"2021-02-04",37545
"2021-02-05",33158
"2021-02-06",20799
"2021-02-07",22135
"2021-02-08",36237
"2021-02-09",36761
"2021-02-10",35780
"2021-02-11",31946
"2021-02-12",27185
"2021-02-13",17998
"2021-02-14",17611
"2021-02-15",31442
"2021-02-16",32547
"2021-02-17",32829
"2021-02-18",33445
"2021-02-19",28578
"2021-02-20",19898
"2021-02-21",20003
"2021-02-22",36926
"2021-02-23",40162
"2021-02-24",39458
"2021-02-25",38262
"2021-02-26",35154
"2021-02-27",21474
"2021-02-28",23080
"2021-03-01",45737
"2021-03-02",48170
"2021-03-03",47637
"2021-03-04",45718
"2021-03-05",37109
"2021-03-06",24130
"2021-03-07",25022
"2021-03-08",44644
"2021-03-09",43625
"2021-03-10",42729
"2021-03-11",40178
"2021-03-12",36520
"2021-03-13",22982
"2021-03-14",23496
"2021-03-15",38339
"2021-03-16",42000
"2021-03-17",39459
"2021-03-18",36625
"2021-03-19",31483
"2021-03-20",22234
"2021-03-21",22473
"2021-03-22",37383
"2021-03-23",36296
"2021-03-24",35768
"2021-03-25",32243
"2021-03-26",28426
"2021-03-27",20377
"2021-03-28",19458
"2021-03-29",32942
"2021-03-30",33564
"2021-03-31",32116
"2021-04-01",29023
"2021-04-02",22336
"2021-04-03",16917
"2021-04-04",17304
"2021-04-05",27437
"2021-04-06",34054
"2021-04-07",33382
"2021-04-08",32539
"2021-04-09",29308
"2021-04-10",20175
"2021-04-11",20355
"2021-04-12",34888
"2021-04-13",33661
"2021-04-14",32762
"2021-04-15",32396
"2021-04-16",28975
"2021-04-17",19396
"2021-04-18",19711
"2021-04-19",33225
"2021-04-20",32950
"2021-04-21",31089
"2021-04-22",30660
"2021-04-23",26123
"2021-04-24",18273
"2021-04-25",19380
"2021-04-26",30985
"2021-04-27",29189
"2021-04-28",29722
"2021-04-29",27862
"2021-04-30",23698
"2021-05-01",15464
"2021-05-02",16043
"2021-05-03",25786
"2021-05-04",27655
"2021-05-05",25815
"2021-05-06",27289
"2021-05-07",24866
"2021-05-08",18077
"2021-05-09",16564
"2021-05-10",29062
"2021-05-11",28379
"2021-05-12",27230
"2021-05-13",23966
"2021-05-14",22618
"2021-05-15",16628
"2021-05-16",16175
"2021-05-17",28053
"2021-05-18",29195
"2021-05-19",28014
"2021-05-20",27373
"2021-05-21",24480
"2021-05-22",16180
"2021-05-23",15757
"2021-05-24",26802
"2021-05-25",28725
"2021-05-26",25675
"2021-05-27",25386
"2021-05-28",22339
"2021-05-29",14770
"2021-05-30",14711
"2021-05-31",22794
"2021-06-01",27167
"2021-06-02",32041
"2021-06-03",30303
"2021-06-04",25383
"2021-06-05",17199
"2021-06-06",17536
"2021-06-07",30820
"2021-06-08",31447
"2021-06-09",31957
"2021-06-10",30170
"2021-06-11",24742
"2021-06-12",15171
"2021-06-13",16441
"2021-06-14",27575
"2021-06-15",29305
"2021-06-16",27608
"2021-06-17",26129
"2021-06-18",22108
"2021-06-19",15327
"2021-06-20",14804
"2021-06-21",27318
"2021-06-22",27594
"2021-06-23",26236
"2021-06-24",25345
"2021-06-25",22301
"2021-06-26",14443
"2021-06-27",13668
"2021-06-28",25620
"2021-06-29",25557
"2021-06-30",24227
"2021-07-01",23786
"2021-07-02",20431
"2021-07-03",13136
"2021-07-04",14269
"2021-07-05",23547
"2021-07-06",25108
"2021-07-07",24920
"2021-07-08",23774
"2021-07-09",20904
"2021-07-10",13635
"2021-07-11",13734
"2021-07-12",26209
"2021-07-13",24744
"2021-07-14",23679
"2021-07-15",22692
"2021-07-16",20759
"2021-07-17",12810
"2021-07-18",12590
"2021-07-19",25104
"2021-07-20",23970
"2021-07-21",22618
"2021-07-22",23078
"2021-07-23",19135
"2021-07-24",12855
"2021-07-25",14193
"2021-07-26",25962
"2021-07-27",23823
"2021-07-28",23422
"2021-07-29",21675
"2021-07-30",19627
"2021-07-31",12575
"2021-08-01",12363
"2021-08-02",23682
"2021-08-03",23759
"2021-08-04",23870
"2021-08-05",22578
"2021-08-06",20823
"2021-08-07",12950
"2021-08-08",13415
"2021-08-09",25202
"2021-08-10",26301
"2021-08-11",28114
"2021-08-12",42301
"2021-08-13",25472
"2021-08-14",15542
"2021-08-15",35851
"2021-08-16",59282
"2021-08-17",46586
"2021-08-18",43779
"2021-08-19",40406
"2021-08-20",41082
"2021-08-21",27648
"2021-08-22",16514
"2021-08-23",38290
"2021-08-24",40858
"2021-08-25",40232
"2021-08-26",40874
"2021-08-27",31896
"2021-08-28",18220
"2021-08-29",19442
"2021-08-30",42277
"2021-08-31",55126
"2021-09-01",46404
"2021-09-02",44823
"2021-09-03",49925
"2021-09-04",55100
"2021-09-05",39477
"2021-09-06",75231
"2021-09-07",72466
"2021-09-08",53994
"2021-09-09",74179
"2021-09-10",38817
"2021-09-11",55046
"2021-09-12",24267
"2021-09-13",81744
"2021-09-14",75506
"2021-09-15",67252
"2021-09-16",43717
"2021-09-17",58802
"2021-09-18",20968
"2021-09-19",35246
"2021-09-20",77986
"2021-09-21",53266
"2021-09-22",53508
"2021-09-23",51655
"2021-09-24",38767
"2021-09-25",39724
"2021-09-26",48810
"2021-09-27",48237
"2021-09-28",50240
"2021-09-29",50658
"2021-09-30",75121
"2021-10-01",62591
"2021-10-02",56372
"2021-10-03",52494
"2021-10-04",49255
"2021-10-05",47681
"2021-10-06",62205
"2021-10-07",79659
"2021-10-08",49506
"2021-10-09",22456
"2021-10-10",23337
"2021-10-11",40592
"2021-10-12",72770
"2021-10-13",57814
"2021-10-14",54833
"2021-10-15",36622
"2021-10-16",23077
"2021-10-17",24673
"2021-10-18",47671
"2021-10-19",47775
"2021-10-20",45397
"2021-10-21",42682
"2021-10-22",36395
"2021-10-23",23749
"2021-10-24",22843
"2021-10-25",43330
"2021-10-26",45185
"2021-10-27",44496
"2021-10-28",39912
"2021-10-29",33568
"2021-10-30",20355
"2021-10-31",20483
"2021-11-01",34777
"2021-11-02",39274
"2021-11-03",39882
"2021-11-04",35267
"2021-11-05",31737
"2021-11-06",21211
"2021-11-07",21827
"2021-11-08",38884
"2021-11-09",37015
"2021-11-10",38114
"2021-11-11",38495
"2021-11-12",32917
"2021-11-13",20632
"2021-11-14",20962
"2021-11-15",41468
"2021-11-16",40790
"2021-11-17",38110
"2021-11-18",36077
"2021-11-19",30833
"2021-11-20",19882
"2021-11-21",18910
"2021-11-22",34721
"2021-11-23",35652
"2021-11-24",33095
"2021-11-25",30056
"2021-11-26",25292
"2021-11-27",18700
"2021-11-28",18547
"2021-11-29",34107
"2021-11-30",35077
"2021-12-01",33586
"2021-12-02",33665
"2021-12-03",28049
"2021-12-04",18820
"2021-12-05",18531
"2021-12-06",31434
"2021-12-07",34691
"2021-12-08",30271
"2021-12-09",29895
"2021-12-10",33336
"2021-12-11",24393
"2021-12-12",16432
"2021-12-13",29619
"2021-12-14",34359
"2021-12-15",11231
"2021-12-16",31917
"2021-12-17",25059
"2021-12-18",20862
"2021-12-19",16685
"2021-12-20",29493
"2021-12-21",25971
"2021-12-22",24710
"2021-12-23",20561
"2021-12-24",14849
"2021-12-25",9978
"2021-12-26",12060
"2021-12-27",17613
"2021-12-28",22881
"2021-12-29",19107
"2021-12-30",21217
"2021-12-31",13147
"2022-01-01",9837
"2022-01-02",18074
"2022-01-03",27904
"2022-01-04",29957
"2022-01-05",38272
"2022-01-06",42857
"2022-01-07",26102
"2022-01-08",24232
"2022-01-09",25428
"2022-01-10",47926
"2022-01-11",49341
"2022-01-12",52232
"2022-01-13",19784
"2022-01-14",41013
"2022-01-15",26557
"2022-01-16",27995
"2022-01-17",42866
"2022-01-18",44016
"2022-01-19",52784
"2022-01-20",42564
"2022-01-21",41748
"2022-01-22",28745
"2022-01-23",23983
"2022-01-24",42953
"2022-01-25",45266
"2022-01-26",45944
"2022-01-27",61835
"2022-01-28",52823
"2022-01-29",44133
"2022-01-30",23043
"2022-01-31",35886
"2022-02-01",48169
"2022-02-02",36648
"2022-02-03",58295
"2022-02-04",29032
"2022-02-05",17914
"2022-02-06",18158
"2022-02-07",50529
"2022-02-08",61298
"2022-02-09",64081
"2022-02-10",56889
"2022-02-11",52041
"2022-02-12",44035
"2022-02-13",44156
"2022-02-14",48885
"2022-02-15",60536
"2022-02-16",36548
"2022-02-17",46982
"2022-02-18",56053
"2022-02-19",49884
"2022-02-20",48575
"2022-02-21",54248
"2022-02-22",63531
"2022-02-23",64215
"2022-02-24",59627
"2022-02-25",57201
"2022-02-26",26073
"2022-02-27",20984
"2022-02-28",64884
"2022-03-01",40763
"2022-03-02",69029
"2022-03-03",66931
"2022-03-04",60012
"2022-03-05",42112
"2022-03-06",47723
"2022-03-07",68460
"2022-03-08",70407
"2022-03-09",41289
"2022-03-10",43742
"2022-03-11",34005
"2022-03-12",22434
"2022-03-13",24585
"2022-03-14",41521
"2022-03-15",53676
"2022-03-16",43396
"2022-03-17",62493
"2022-03-18",56708
"2022-03-19",20444
"2022-03-20",38866
"2022-03-21",61651
"2022-03-22",39432
"2022-03-23",38263
"2022-03-24",46519
"2022-03-25",54088
"2022-03-26",41273
"2022-03-27",47953
"2022-03-28",64527
"2022-03-29",69030
"2022-03-30",40705
"2022-03-31",39061
"2022-04-01",34687
"2022-04-02",38310
"2022-04-03",33718
"2022-04-04",54702
"2022-04-05",65304
"2022-04-06",65060
"2022-04-07",64461
"2022-04-08",58036
"2022-04-09",46798
"2022-04-10",46952
"2022-04-11",62151
"2022-04-12",51109
"2022-04-13",56774
"2022-04-14",55665
"2022-04-15",49693
"2022-04-16",19386
"2022-04-17",44325
"2022-04-18",55496
"2022-04-19",62137
"2022-04-20",57686
"2022-04-21",57301
"2022-04-22",52738
"2022-04-23",45669
"2022-04-24",20869
"2022-04-25",37473
"2022-04-26",41504
"2022-04-27",40205
"2022-04-28",58786
"2022-04-29",57053
"2022-04-30",21104
"2022-05-01",27357
"2022-05-02",60119
"2022-05-03",59520
"2022-05-04",36837
"2022-05-05",58013
"2022-05-06",55372
"2022-05-07",45898
"2022-05-08",44344
"2022-05-09",38401
"2022-05-10",62880
"2022-05-11",44514
"2022-05-12",55269
"2022-05-13",54626
"2022-05-14",36178
"2022-05-15",44668
"2022-05-16",47292
"2022-05-17",60506
"2022-05-18",37476
"2022-05-19",38026
"2022-05-20",44249
"2022-05-21",42486
"2022-05-22",42696
"2022-05-23",38053
"2022-05-24",46235
"2022-05-25",55368
"2022-05-26",32984
"2022-05-27",33177
"2022-05-28",25552
"2022-05-29",16766
"2022-05-30",18970
"2022-05-31",55554
"2022-06-01",47865
"2022-06-02",36196
"2022-06-03",34393
"2022-06-04",62250
"2022-06-05",40978
"2022-06-06",73165
"2022-06-07",77113
"2022-06-08",73641
"2022-06-09",58646
"2022-06-10",52553
"2022-06-11",48020
"2022-06-12",31190
"2022-06-13",52774
"2022-06-14",50791
"2022-06-15",50634
"2022-06-16",55513
"2022-06-17",42776
"2022-06-18",42573
"2022-06-19",47448
"2022-06-20",66810
"2022-06-21",65312
"2022-06-22",62289
"2022-06-23",62754
"2022-06-24",44444
"2022-06-25",22535
"2022-06-26",42175
"2022-06-27",58306
"2022-06-28",45867
"2022-06-29",39381
"2022-06-30",47483
"2022-07-01",47481
"2022-07-02",18465
"2022-07-03",25445
"2022-07-04",54002
"2022-07-05",42655
"2022-07-06",46359
"2022-07-07",48668
"2022-07-08",46357
"2022-07-09",38280
"2022-07-10",20249
"2022-07-11",56378
"2022-07-12",40492
"2022-07-13",44806
"2022-07-14",32624
"2022-07-15",42967
"2022-07-16",18313
"2022-07-17",36690
"2022-07-18",41241
"2022-07-19",51408
"2022-07-20",48683
"2022-07-21",31708
"2022-07-22",44405
"2022-07-23",37085
"2022-07-24",36535
"2022-07-25",59828
"2022-07-26",4589
"2022-07-27",65166
"2022-07-28",2524
"2022-07-29",58933
"2022-07-30",40888
"2022-07-31",44538
"2022-08-01",65384
"2022-08-02",58252
"2022-08-03",53457
"2022-08-04",50013
"2022-08-05",46097
"2022-08-06",33047
"2022-08-07",41215
"2022-08-08",60560
"2022-08-09",53625
"2022-08-10",50622
"2022-08-11",50156
"2022-08-12",44659
"2022-08-13",37010
"2022-08-14",35413
"2022-08-15",48689
"2022-08-16",53513
"2022-08-17",53974
"2022-08-18",39096
"2022-08-19",39241
"2022-08-20",21388
"2022-08-21",21527
"2022-08-22",50727
"2022-08-23",54311
"2022-08-24",54455
"2022-08-25",52858
"2022-08-26",42808
"2022-08-27",23777
"2022-08-28",26155
"2022-08-29",56831
"2022-08-30",60357
"2022-08-31",55175
"2022-09-01",57719
"2022-09-02",45168
"2022-09-03",25182
"2022-09-04",27269
"2022-09-05",51993
"2022-09-06",65731
"2022-09-07",72780
"2022-09-08",76741
"2022-09-09",3164
"2022-09-10",25321
"2022-09-11",29568
"2022-09-12",60958
"2022-09-13",67076
"2022-09-14",61647
"2022-09-15",55870
"2022-09-16",45142
"2022-09-17",26010
"2022-09-18",29743
"2022-09-19",56844
"2022-09-20",59527
"2022-09-21",56699
"2022-09-22",57661
"2022-09-23",49915
"2022-09-24",26895
"2022-09-25",30201
"2022-09-26",57251
"2022-09-27",58547
"2022-09-28",54505
"2022-09-29",51612
"2022-09-30",41407
"2022-10-01",23308
"2022-10-02",24974
"2022-10-03",48234
"2022-10-04",51140
"2022-10-05",48970
"2022-10-06",48221
"2022-10-07",39332
"2022-10-08",25083
"2022-10-09",26440
"2022-10-10",45779
"2022-10-11",50146
"2022-10-12",46895
"2022-10-13",44348
"2022-10-14",39050
"2022-10-15",24156
"2022-10-16",25504
"2022-10-17",47358
"2022-10-18",48492
"2022-10-19",46567
"2022-10-20",44670
"2022-10-21",37707
"2022-10-22",23734
"2022-10-23",25267
"2022-10-24",44213
"2022-10-25",44549
"2022-10-26",44795
"2022-10-27",40869
"2022-10-28",34176
"2022-10-29",20474
"2022-10-30",22543
"2022-10-31",39157
"2022-11-01",38473
"2022-11-02",41392
"2022-11-03",39859
"2022-11-04",32891
"2022-11-05",22039
"2022-11-06",22587
"2022-11-07",41127
"2022-11-08",39501
"2022-11-09",39759
"2022-11-10",37442
"2022-11-11",30241
"2022-11-12",21869
"2022-11-13",23296
"2022-11-14",48784
"2022-11-15",78719
"2022-11-16",67211
"2022-11-17",59810
"2022-11-18",48860
"2022-11-19",31025
"2022-11-20",31750
"2022-11-21",53455
"2022-11-22",51007
"2022-11-23",46205
"2022-11-24",38816
"2022-11-25",32695
"2022-11-26",23350
"2022-11-27",25122
"2022-11-28",47396
"2022-11-29",47111
"2022-11-30",44691
"2022-12-01",42867
"2022-12-02",37310
"2022-12-03",24711
"2022-12-04",25734
"2022-12-05",42372
"2022-12-06",40413
"2022-12-07",39618
"2022-12-08",37503
"2022-12-09",31877
"2022-12-10",21916
"2022-12-11",23094
"2022-12-12",35766
"2022-12-13",34677
"2022-12-14",34053
"2022-12-15",32463
"2022-12-16",37992
"2022-12-17",46511
"2022-12-18",37367
"2022-12-19",65829
"2022-12-20",53729
"2022-12-21",47042
"2022-12-22",41123
"2022-12-23",31481
"2022-12-24",20613
"2022-12-25",19681
"2022-12-26",27758
"2022-12-27",31223
"2022-12-28",31220
"2022-12-29",28911
"2022-12-30",25475
"2022-12-31",17825
"2023-01-01",17881
"2023-01-02",32614
"2023-01-03",45072
"2023-01-04",47084
"2023-01-05",46680
"2023-01-06",41221
"2023-01-07",28499
"2023-01-08",29005
"2023-01-09",63402
"2023-01-10",66737
"2023-01-11",65582
"2023-01-12",61487
"2023-01-13",47837
"2023-01-14",29332
"2023-01-15",30323
"2023-01-16",51813
"2023-01-17",66211
"2023-01-18",64731
"2023-01-19",61586
"2023-01-20",50204
"2023-01-21",28568
"2023-01-22",29783
"2023-01-23",59633
"2023-01-24",61266
"2023-01-25",58284
"2023-01-26",50535
"2023-01-27",43274
"2023-01-28",27610
"2023-01-29",28285
"2023-01-30",54437
"2023-01-31",55298
"2023-02-01",53947
"2023-02-02",53889
"2023-02-03",45140
"2023-02-04",29002
"2023-02-05",29637
"2023-02-06",53699
"2023-02-07",56264
"2023-02-08",55911
"2023-02-09",53178
"2023-02-10",44861
"2023-02-11",28878
"2023-02-12",29440
"2023-02-13",54544
"2023-02-14",52708
"2023-02-15",53247
"2023-02-16",50089
"2023-02-17",43394
"2023-02-18",28819
"2023-02-19",30190
"2023-02-20",50644
"2023-02-21",51217
"2023-02-22",52037
"2023-02-23",49614
"2023-02-24",46049
"2023-02-25",28818
"2023-02-26",31067
"2023-02-27",55608
"2023-02-28",56177
"2023-03-01",55905
"2023-03-02",3027
"2023-03-03",48889
"2023-03-04",31817
"2023-03-05",30642
"2023-03-06",53740
"2023-03-07",55337
"2023-03-08",53078
"2023-03-09",52225
"2023-03-10",42583
"2023-03-11",28436
"2023-03-12",30649
"2023-03-13",55633
"2023-03-14",56742
"2023-03-15",54024
"2023-03-16",53233
"2023-03-17",47334
"2023-03-18",32487
"2023-03-19",32596
"2023-03-20",56960
"2023-03-21",94918
"2023-03-22",113748
"2023-03-23",87779
"2023-03-24",69497
"2023-03-25",45261
"2023-03-26",43932
"2023-03-27",74110
"2023-03-28",73468
"2023-03-29",68687
"2023-03-30",63192
"2023-03-31",53230
"2023-04-01",36957
"2023-04-02",38501
"2023-04-03",62458
"2023-04-04",59966
"2023-04-05",53576
"2023-04-06",49981
"2023-04-07",41494
"2023-04-08",31042
"2023-04-09",31188
"2023-04-10",48277
"2023-04-11",58132
"2023-04-12",56920
"2023-04-13",52405
"2023-04-14",42361
"2023-04-15",28840
"2023-04-16",28882
"2023-04-17",53298
"2023-04-18",53304
"2023-04-19",53718
"2023-04-20",49259
"2023-04-21",41276
"2023-04-22",30398
"2023-04-23",33148
"2023-04-24",49679
"2023-04-25",50945
"2023-04-26",48504
"2023-04-27",45728
"2023-04-28",39222
"2023-04-29",26489
"2023-04-30",25874
"2023-05-01",34641
"2023-05-02",46118
"2023-05-03",41636
"2023-05-04",43684
"2023-05-05",38842
"2023-05-06",29273
"2023-05-07",28567
"2023-05-08",44287
"2023-05-09",46011
"2023-05-10",42219
"2023-05-11",40433
"2023-05-12",45169
"2023-05-13",47628
"2023-05-14",42337
"2023-05-15",86196
"2023-05-16",80267
"2023-05-17",67354
"2023-05-18",55600
"2023-05-19",53375
"2023-05-20",37934
"2023-05-21",38821
"2023-05-22",60048
"2023-05-23",56873
"2023-05-24",54112
"2023-05-25",50672
"2023-05-26",43953
"2023-05-27",30041
"2023-05-28",29996
"2023-05-29",43566
"2023-05-30",51740
"2023-05-31",50121
"2023-06-01",47255
"2023-06-02",40434
"2023-06-03",28042
"2023-06-04",30037
"2023-06-05",47819
"2023-06-06",47687
"2023-06-07",45369
"2023-06-08",44887
"2023-06-09",73288
"2023-06-10",41066
"2023-06-11",39155
"2023-06-12",66430
"2023-06-13",60419
"2023-06-14",57755
"2023-06-15",53282
"2023-06-16",46109
"2023-06-17",29962
"2023-06-18",26433
"2023-06-19",44805
"2023-06-20",46943
"2023-06-21",43796
"2023-06-22",42642
"2023-06-23",36392
"2023-06-24",27269
"2023-06-25",26234
"2023-06-26",44433
"2023-06-27",44414
"2023-06-28",42237
"2023-06-29",36078
"2023-06-30",32143
"2023-07-01",20826
"2023-07-02",21609
"2023-07-03",36691
"2023-07-04",36033
"2023-07-05",38134
"2023-07-06",37292
"2023-07-07",35495
"2023-07-08",31243
"2023-07-09",27940
"2023-07-10",53064
"2023-07-11",51034
"2023-07-12",46518
"2023-07-13",42583
"2023-07-14",36584
"2023-07-15",24799
"2023-07-16",24326
"2023-07-17",43291
"2023-07-18",41180
"2023-07-19",41385
"2023-07-20",38589
"2023-07-21",33032
"2023-07-22",22946
"2023-07-23",22597
"2023-07-24",40655
"2023-07-25",42012
"2023-07-26",39626
"2023-07-27",37764
"2023-07-28",33416
"2023-07-29",23672
"2023-07-30",23253
"2023-07-31",40781
"2023-08-01",41919
"2023-08-02",41583
"2023-08-03",41024
"2023-08-04",35044
"2023-08-05",24692
"2023-08-06",24293
"2023-08-07",41138
"2023-08-08",42909
"2023-08-09",40807
"2023-08-10",38865
"2023-08-11",34035
"2023-08-12",24797
"2023-08-13",24443
"2023-08-14",39331
"2023-08-15",38025
"2023-08-16",40453
"2023-08-17",39159
"2023-08-18",33958
"2023-08-19",23224
"2023-08-20",24131
"2023-08-21",47913
"2023-08-22",53680
"2023-08-23",54140
"2023-08-24",57188
"2023-08-25",48823
"2023-08-26",30489
"2023-08-27",32247
"2023-08-28",63604
"2023-08-29",64267
"2023-08-30",60804
"2023-08-31",60674
"2023-09-01",48504
"2023-09-02",30109
"2023-09-03",31741
"2023-09-04",57493
"2023-09-05",70758
"2023-09-06",72453
"2023-09-07",78012
"2023-09-08",61583
"2023-09-09",35797
"2023-09-10",39677
"2023-09-11",78739
"2023-09-12",75400
"2023-09-13",71190
"2023-09-14",65040
"2023-09-15",55240
"2023-09-16",34839
"2023-09-17",37151
"2023-09-18",67239
"2023-09-19",67842
"2023-09-20",64838
"2023-09-21",61527
"2023-09-22",52264
"2023-09-23",33773
"2023-09-24",35010
"2023-09-25",61732
"2023-09-26",66451
"2023-09-27",66055
"2023-09-28",74257
"2023-09-29",69482
"2023-09-30",38503
"2023-10-01",38871
"2023-10-02",71401
"2023-10-03",72309
"2023-10-04",69635
"2023-10-05",66453
"2023-10-06",55188
"2023-10-07",37318
"2023-10-08",38229
"2023-10-09",62533
"2023-10-10",63820
"2023-10-11",61331
"2023-10-12",57049
"2023-10-13",47249
"2023-10-14",31195
"2023-10-15",32665
"2023-10-16",57366
"2023-10-17",58456
"2023-10-18",57192
"2023-10-19",57691
"2023-10-20",51108
"2023-10-21",30746
"2023-10-22",31815
"2023-10-23",53504
"2023-10-24",53434
"2023-10-25",62793
"2023-10-26",72763
"2023-10-27",55572
"2023-10-28",34813
"2023-10-29",36215
"2023-10-30",63448
"2023-10-31",62091
"2023-11-01",54933
"2023-11-02",59117
"2023-11-03",50235
"2023-11-04",30936
"2023-11-05",31859
"2023-11-06",56379
"2023-11-07",57078
"2023-11-08",53771
"2023-11-09",50988
"2023-11-10",42223
"2023-11-11",27761
"2023-11-12",28392
"2023-11-13",49199
"2023-11-14",51080
"2023-11-15",47100
"2023-11-16",47193
"2023-11-17",41018
"2023-11-18",27444
"2023-11-19",27497
"2023-11-20",47879
"2023-11-21",47435
"2023-11-22",43756
"2023-11-23",38840
"2023-11-24",35587
"2023-11-25",26342
"2023-11-26",27392
"2023-11-27",44744
"2023-11-28",45090
"2023-11-29",44284
"2023-11-30",42042
"2023-12-01",33979
"2023-12-02",21921
"2023-12-03",22229
"2023-12-04",38804
"2023-12-05",38295
"2023-12-06",36347
"2023-12-07",33163
"2023-12-08",31926
"2023-12-09",22531
"2023-12-10",25489
"2023-12-11",38781
"2023-12-12",38388
"2023-12-13",35511
"2023-12-14",31710
"2023-12-15",26341
"2023-12-16",16479
"2023-12-17",16737
"2023-12-18",29493
"2023-12-19",37066
"2023-12-20",58573
"2023-12-21",44807
"2023-12-22",32449
"2023-12-23",19745
"2023-12-24",17543
"2023-12-25",19320
"2023-12-26",24839
"2023-12-27",27874
"2023-12-28",27577
"2023-12-29",22432
"2023-12-30",16148
"2023-12-31",13019
"2024-01-01",15035
"2024-01-02",33264
"2024-01-03",36293
"2024-01-04",36203
"2024-01-05",32353
"2024-01-06",22268
"2024-01-07",22769
"2024-01-08",51781
"2024-01-09",58666
"2024-01-10",54857
"2024-01-11",51780
"2024-01-12",39713
"2024-01-13",23818
"2024-01-14",24651
"2024-01-15",49280
"2024-01-16",56354
"2024-01-17",57492
"2024-01-18",55757
"2024-01-19",44894
"2024-01-20",28576
"2024-01-21",28768
"2024-01-22",58528
"2024-01-23",62180
"2024-01-24",57653
"2024-01-25",52781
"2024-01-26",42232
"2024-01-27",26155
"2024-01-28",26558
"2024-01-29",51928
"2024-01-30",54963
"2024-01-31",72369
"2024-02-01",85509
"2024-02-02",64988
"2024-02-03",37643
"2024-02-04",37852
"2024-02-05",70049
"2024-02-06",65842
"2024-02-07",60043
"2024-02-08",54108
"2024-02-09",43423
"2024-02-10",27195
"2024-02-11",28225
"2024-02-12",49602
"2024-02-13",52120
"2024-02-14",48949
"2024-02-15",45027
"2024-02-16",38902
"2024-02-17",25678
"2024-02-18",26874
"2024-02-19",47471
"2024-02-20",54324
"2024-02-21",52074
"2024-02-22",48862
"2024-02-23",38411
"2024-02-24",24134
"2024-02-25",26819
"2024-02-26",55159
"2024-02-27",56200
"2024-02-28",52054
"2024-02-29",49611
"2024-03-01",40966
"2024-03-02",25848
"2024-03-03",27196
"2024-03-04",51661
"2024-03-05",54079
"2024-03-06",51236
"2024-03-07",48375
"2024-03-08",38017
"2024-03-09",24931
"2024-03-10",28323
"2024-03-11",49998
"2024-03-12",50496
"2024-03-13",49298
"2024-03-14",43066
"2024-03-15",36264
"2024-03-16",24089
"2024-03-17",24205
"2024-03-18",44979
"2024-03-19",44971
"2024-03-20",42794
"2024-03-21",40778
"2024-03-22",32818
"2024-03-23",22610
"2024-03-24",21807
"2024-03-25",37413
"2024-03-26",39299
"2024-03-27",35253
"2024-03-28",32671
"2024-03-29",23622
"2024-03-30",17877
"2024-03-31",17920
"2024-04-01",32205
"2024-04-02",41570
"2024-04-03",39278
"2024-04-04",36737
"2024-04-05",30703
"2024-04-06",19951
"2024-04-07",22177
"2024-04-08",38892
"2024-04-09",38960
"2024-04-10",37207
"2024-04-11",36724
"2024-04-12",32470
"2024-04-13",19746
"2024-04-14",22087
"2024-04-15",40833
"2024-04-16",40864
"2024-04-17",38796
"2024-04-18",36626
"2024-04-19",31751
"2024-04-20",21683
"2024-04-21",22425
"2024-04-22",37683
"2024-04-23",2030
"2024-04-24",36167
"2024-04-25",34474
"2024-04-26",1162
